feature,absolute_held,relative_held
_area_km2,212198694.92354414,0.18751700881500324
s_bio_all_now,8085034.8857421875,0.30000018158188874
s_bio_all_future,7823729.49458313,0.34060116495917514
