feature,absolute_held,relative_held
_area_km2,212198694.92354414,0.22986452109093058
bio_vgpm,7607653.451980591,0.3000189275244509
nspp_bivalves,17048.951665103436,0.6065774846947699
nspp_chitons,1570.8547279834747,0.46210500281421163
nspp_coastal.fishes,6294105.647780418,0.30000968761834246
nspp_corals,30673.10030210018,0.5093597574425264
nspp_crustaceans,510894.67781710625,0.3446820134040126
nspp_echinoderms,39676.49670881033,0.4887278862291122
nspp_euphausiids,4709.951177000999,0.3000222389953266
nspp_gastropods,40249.99260789156,0.5674224403545299
nspp_hydrozoans,19479.04395198822,0.5805179115196465
nspp_non.squid.cephalopods,193443.1344639063,0.33153055736698245
nspp_pinnipeds,11169.563588619232,0.30001211057717664
nspp_reptiles,12896.735735177994,0.5126523757580436
nspp_sea.spiders,82658.60651624203,0.40215847369722657
nspp_seagrasses,47.83192276954651,0.9795215927761165
nspp_sharks,266088.53001987934,0.3601933158392054
nspp_sponges,4897.2467586398125,0.644053143197868
nspp_tunas.n.billfishes,190204.16552054882,0.30000347710989567
nspp_tunicates,177464.9484681487,0.3450611966586454
nspp_worms,46509.47726607323,0.5340544118064217
rls_bivalves,87.7595386505127,1
rls_coastal.fishes,62458.903961896896,0.31132123702003744
rls_corals,2628.3046159744263,0.9972790591079216
rls_echinoderms,416.4131534099579,1
rls_non.squid.cephalopods,110,0.3005464480874317
rls_pinnipeds,704.5234208106995,0.3007540563103008
rls_reptiles,25756.496708393097,0.5122697109673637
rls_sharks,342920.8448073864,0.3607659526881094
rls_tunas.n.billfishes,148974.25430190563,0.3000128846394972
phys_vents,368,0.5242165242165242
