feature,absolute_held,relative_held
_area_km2,212198694.92354414,0.2364550671478436
bio_vgpm,7607761.364311218,0.300023183204853
nspp_bivalves,15442.43634802103,0.5494199515337095
nspp_chitons,1347.5859925746918,0.39642509125622416
nspp_coastal.fishes,6294292.959069252,0.30001861584490797
nspp_corals,24887.362510323524,0.41328137054260045
nspp_crustaceans,472984.6771681309,0.31910551805341114
nspp_echinoderms,26916.82593625784,0.3315565771940524
nspp_euphausiids,4710.456484556198,0.30005442690946726
nspp_gastropods,30984.425666987896,0.43680153177217634
nspp_hydrozoans,17241.774240493774,0.5138424040551053
nspp_non.squid.cephalopods,184806.01409173012,0.3167279160689654
nspp_pinnipeds,11169.636572122574,0.3000140708986074
nspp_reptiles,10916.966777682304,0.4339554651325284
nspp_sea.spiders,75035.05265438557,0.36506763809706
nspp_seagrasses,47.83192276954651,0.9795215927761165
nspp_sharks,256828.6853094101,0.34765863736144137
nspp_sponges,4463.391193807125,0.5869953607344032
nspp_tunas.n.billfishes,190206.55951416492,0.30000725308613174
nspp_tunicates,154298.3112127185,0.3000162024616631
nspp_worms,37558.25227844715,0.4312701734808551
rls_bivalves,87.7595386505127,1
rls_coastal.fishes,64470.53377151489,0.3213480393017219
rls_corals,2628.3046159744263,0.9972790591079216
rls_echinoderms,416.4131534099579,1
rls_non.squid.cephalopods,110,0.3005464480874317
rls_pinnipeds,704.5234208106995,0.3007540563103008
rls_reptiles,21793.986573457718,0.4334595395177996
rls_sharks,330409.98518538475,0.347604045913344
rls_tunas.n.billfishes,149303.73110830784,0.3006764039004174
phys_seamounts_0to200m,159,0.6
phys_seamounts_gt200to800m,4978,0.30004219154963535
phys_seamounts_gt800m,73,0.6347826086956522
phys_vents,702,1
phys_scape.1,5572,0.30005385029617665
phys_scape.2,6477,0.300013895965538
phys_scape.5,2672,0.3000561482313307
phys_scape.8,408,0.3371900826446281
phys_scape.9,223,0.4191729323308271
